Pollutant,Site,Hour,N,RealValue,PredValue
PM10,Warsaw,1,1,34.6,35.29
PM10,Warsaw,1,1,43.9,39.2389
PM10,Warsaw,1,1,23.5,33.7545
PM10,Warsaw,1,1,29.7,24
PM10,Warsaw,1,1,31.2,17.1
PM10,Warsaw,1,1,33.1,16.4
PM10,Warsaw,1,1,29.8,16.4
PM10,Warsaw,1,1,33.8,37.11
PM10,Warsaw,1,1,61.6,50.0982
PM10,Warsaw,1,1,41.6,38.4
PM10,Warsaw,1,1,23.9,58
PM10,Warsaw,1,1,37.4,33.7545
PM10,Warsaw,1,1,33.1,24.75
PM10,Warsaw,1,1,14.9,8.1
PM10,Warsaw,1,1,11.7,8.1
PM10,Warsaw,1,1,8.7,19.4667
PM10,Warsaw,1,1,8.2,17.1
PM10,Warsaw,1,1,16,18.2
PM10,Warsaw,1,1,32.8,27
PM10,Warsaw,1,1,13.9,15.1
PM10,Warsaw,1,1,12.6,8.1
PM10,Warsaw,1,1,9.4,14.7
PM10,Warsaw,1,1,22.8,19.4667
PM10,Warsaw,1,1,33.3,24.36
PM10,Warsaw,1,1,33.2,24.36
PM10,Warsaw,1,1,21.1,19.2
PM10,Warsaw,1,1,24,13.9
PM10,Warsaw,1,1,21.9,16.2
PM10,Warsaw,1,1,22.1,16.2
PM10,Warsaw,1,1,29.1,27.6875
PM10,Warsaw,1,1,40.8,35.29
PM10,Warsaw,1,1,29.1,33.7545
PM10,Warsaw,1,1,15.8,31.3333
PM10,Warsaw,1,1,23.9,24.75
PM10,Warsaw,1,1,34.7,24.75
PM10,Warsaw,1,1,39.8,30.525
PM10,Warsaw,1,1,39.9,42.9101
PM10,Warsaw,1,1,92.4,76.6909
PM10,Warsaw,1,1,58.1,34.9
PM10,Warsaw,1,1,11.2,58
PM10,Warsaw,1,1,11,59.1
PM10,Warsaw,1,1,20.2,19.95
PM10,Warsaw,1,1,25,37.11
PM10,Warsaw,1,1,27.4,28.2
PM10,Warsaw,1,1,28.2,35.29
PM10,Warsaw,1,1,40.1,41.7908
PM10,Warsaw,1,1,53.6,42.9101
PM10,Warsaw,1,1,17.4,27.6875
PM10,Warsaw,1,1,18.7,14.7
PM10,Warsaw,1,1,30.2,24.75
PM10,Warsaw,1,1,26.4,33.7545
PM10,Warsaw,1,1,27.3,28.2
PM10,Warsaw,1,1,14.1,19.4667
PM10,Warsaw,1,1,18.8,16.4
PM10,Warsaw,1,1,38.1,18.2
PM10,Warsaw,1,1,11.4,19.2
PM10,Warsaw,1,1,9,19.4667
PM10,Warsaw,1,1,17.4,19.2
PM10,Warsaw,1,1,18.7,19.2
PM10,Warsaw,1,1,26.7,14.7
PM10,Warsaw,1,1,13.5,17
PM10,Warsaw,1,1,25,24.75
PM10,Warsaw,1,1,35,41.7908
PM10,Warsaw,1,1,48.4,50.0982
PM10,Warsaw,1,1,32.8,41.7908
PM10,Warsaw,1,1,33.3,58
PM10,Warsaw,1,1,14.1,19.4667
PM10,Warsaw,1,1,10.6,9.6
PM10,Warsaw,1,1,24.3,19.4667
PM10,Warsaw,1,1,13.2,15.1
PM10,Warsaw,1,1,21.5,16.2
PM10,Warsaw,1,1,14.2,14.7
PM10,Warsaw,1,1,11.6,14.7
PM10,Warsaw,1,1,15.4,17
PM10,Warsaw,1,1,20.8,16.4
PM10,Warsaw,1,1,19.2,19.2
PM10,Warsaw,1,1,19.4,16.4
PM10,Warsaw,1,1,18.8,16.2
PM10,Warsaw,1,1,14.6,16.2
PM10,Warsaw,1,1,23.4,13.9
PM10,Warsaw,1,1,14,31.3333
PM10,Warsaw,1,1,26,28.2
PM10,Warsaw,1,1,34.4,30.525
PM10,Warsaw,1,1,34.5,30.525
PM10,Warsaw,1,1,26.8,33.7545
PM10,Warsaw,1,1,55.4,51.656
PM10,Warsaw,1,1,93.8,80.22
PM10,Warsaw,1,1,77.7,34.9
PM10,Warsaw,1,1,66,59.6467
PM10,Warsaw,1,1,47.7,59.6467
PM10,Warsaw,1,1,50.8,59.6467
PM10,Warsaw,1,1,49.7,50.0982
PM10,Warsaw,1,1,31.3,30.525
PM10,Warsaw,1,1,19.3,13.9
PM10,Warsaw,1,1,38.7,28.2
PM10,Warsaw,1,1,34.2,41.7908
PM10,Warsaw,1,1,35,41.7908
PM10,Warsaw,1,1,15.1,23.7182
PM10,Warsaw,1,1,22,13.9
PM10,Warsaw,1,1,31.3,24
PM10,Warsaw,1,1,30.4,23.7182
PM10,Warsaw,1,1,20.3,19.4667
PM10,Warsaw,1,1,13.8,13.9
PM10,Warsaw,1,1,21.8,24.75
PM10,Warsaw,1,1,18.4,16.4
PM10,Warsaw,1,1,15,19.4667
PM10,Warsaw,1,1,17.5,16.4
PM10,Warsaw,1,1,18.3,13.9
PM10,Warsaw,1,1,26.2,24.75
PM10,Warsaw,1,1,41.3,35.29
PM10,Warsaw,1,1,45.5,42.9101
PM10,Warsaw,1,1,49.6,50.0982
PM10,Warsaw,1,1,44.3,42.9101
PM10,Warsaw,1,1,42.4,39.2389
PM10,Warsaw,1,1,24.9,28.2
PM10,Warsaw,1,1,16.1,16.4
PM10,Warsaw,1,1,18,19.4667
PM10,Warsaw,1,1,10.4,14.7
PM10,Warsaw,1,1,9.1,17
PM10,Warsaw,1,1,18.3,19.4667
PM10,Warsaw,1,1,19.3,19.4667
PM10,Warsaw,1,1,11.5,14.7
PM10,Warsaw,1,1,26.5,16.4
PM10,Warsaw,1,1,15.1,27.4
PM10,Warsaw,1,1,25.3,16.4
PM10,Warsaw,1,1,25.8,19.2
PM10,Warsaw,1,1,20.4,15.1
PM10,Warsaw,1,1,28.3,24.75
PM10,Warsaw,1,1,19.9,17.1
PM10,Warsaw,1,1,25.1,28.2
PM10,Warsaw,1,1,33,39.2389
PM10,Warsaw,1,1,47.1,50.0982
PM10,Warsaw,1,1,25.3,41.7908
PM10,Warsaw,1,1,22.5,24.75
PM10,Warsaw,1,1,9,8.1
PM10,Warsaw,1,1,15.7,8.1
PM10,Warsaw,1,1,11.7,8.1
PM10,Warsaw,1,1,9.2,8.1
PM10,Warsaw,1,1,11.6,8.1
PM10,Warsaw,1,1,11.5,8.1
PM10,Warsaw,1,1,14.7,14.7
PM10,Warsaw,1,1,24.3,19.2
PM10,Warsaw,1,1,27.1,17.1
PM10,Warsaw,1,1,19.4,16.2
PM10,Warsaw,1,1,18.9,24.75
PM10,Warsaw,1,1,21.1,24.75
PM10,Warsaw,1,1,27.9,28.2
PM10,Warsaw,1,1,22.9,19.2
PM10,Warsaw,1,1,17.7,19.4667
PM10,Warsaw,1,1,25.5,19.2
PM10,Warsaw,1,1,21.6,19.2
PM10,Warsaw,1,1,16.7,19.4667
PM10,Warsaw,1,1,20.6,19.2
PM10,Warsaw,1,1,26.7,27.6875
PM10,Warsaw,1,1,30.4,27.6875
PM10,Warsaw,1,1,33.7,23.7182
PM10,Warsaw,1,1,38.8,17.1
PM10,Warsaw,1,1,27.9,24.75
PM10,Warsaw,1,1,21,28.2
PM10,Warsaw,1,1,35.8,27.6875
PM10,Warsaw,1,1,13.1,23.7182
PM10,Warsaw,1,1,16.4,19.4667
PM10,Warsaw,1,1,20.2,24.75
PM10,Warsaw,1,1,23.6,23.7182
PM10,Warsaw,1,1,30.8,19.2
PM10,Warsaw,1,1,29.4,16.2
PM10,Warsaw,1,1,28.1,19.4667
PM10,Warsaw,1,1,19.8,16.2
PM10,Warsaw,1,1,19.8,24.75
PM10,Warsaw,1,1,28.6,24.75
PM10,Warsaw,1,1,22,28.2
PM10,Warsaw,1,1,25.8,28.2
PM10,Warsaw,1,1,37.8,35.29
PM10,Warsaw,1,1,27.6,35.29
PM10,Warsaw,1,1,19.5,24.75
PM10,Warsaw,1,1,18.5,17.1
PM10,Warsaw,1,1,25.8,24.75
PM10,Warsaw,1,1,22.5,24.75
PM10,Warsaw,1,1,22.4,19.2
PM10,Warsaw,1,1,23.3,17.1
PM10,Warsaw,1,1,25.4,17.1
PM10,Warsaw,1,1,15.5,19.4667
PM10,Warsaw,1,1,19.7,17
PM10,Warsaw,1,1,23.6,16.4
PM10,Warsaw,1,1,19.6,19.4667
PM10,Warsaw,1,1,18.5,16.4
PM10,Warsaw,1,1,20.8,24.75
PM10,Warsaw,1,1,24.8,27.6875
PM10,Warsaw,1,1,28.6,24.75
PM10,Warsaw,1,1,17.9,16.2
PM10,Warsaw,1,1,15.6,16.4
PM10,Warsaw,1,1,19.9,19.2
PM10,Warsaw,1,1,26.7,24.75
PM10,Warsaw,1,1,19.5,19.2
PM10,Warsaw,1,1,26.7,22.4533
PM10,Warsaw,1,1,23.3,19.2
PM10,Warsaw,1,1,15,14.7
PM10,Warsaw,1,1,17.6,17
PM10,Warsaw,1,1,21.9,16.2
PM10,Warsaw,1,1,18.9,15.1
PM10,Warsaw,1,1,26,17.1
PM10,Warsaw,1,1,29.4,24.75
PM10,Warsaw,1,1,18.4,19.2
PM10,Warsaw,1,1,17.6,13.9
PM10,Warsaw,1,1,22.2,19.8263
PM10,Warsaw,1,1,26.4,16.4
PM10,Warsaw,1,1,19.2,16.4
PM10,Warsaw,1,1,26,27.6875
PM10,Warsaw,1,1,30,41.7908
PM10,Warsaw,1,1,45.5,42.9101
PM10,Warsaw,1,1,18.6,35.29
PM10,Warsaw,1,1,17.3,16.2
PM10,Warsaw,1,1,21,16.2
PM10,Warsaw,1,1,14.1,14.7
PM10,Warsaw,1,1,17.5,19.4667
PM10,Warsaw,1,1,23.5,17.1
PM10,Warsaw,1,1,15.9,19.4667
PM10,Warsaw,1,1,17.1,16.2
PM10,Warsaw,1,1,27.7,24.75
PM10,Warsaw,1,1,27,23.7182
PM10,Warsaw,1,1,24.8,28.2
PM10,Warsaw,1,1,27.7,30.525
PM10,Warsaw,1,1,29.3,28.2
PM10,Warsaw,1,1,14.6,19.4667
PM10,Warsaw,1,1,6.7,8.1
PM10,Warsaw,1,1,17.7,14.7
PM10,Warsaw,1,1,25.2,19.4667
PM10,Warsaw,1,1,29.4,19.2
PM10,Warsaw,1,1,25.6,19.2
PM10,Warsaw,1,1,30.1,28.2
PM10,Warsaw,1,1,27.3,17.1
PM10,Warsaw,1,1,18,16.2
PM10,Warsaw,1,1,19.8,16.4
PM10,Warsaw,1,1,27.2,27.6875
PM10,Warsaw,1,1,34.2,30.525
PM10,Warsaw,1,1,32.3,19.2
PM10,Warsaw,1,1,16.3,19.4667
PM10,Warsaw,1,1,16.22,16.2
PM10,Warsaw,1,1,16.14,19.4667
PM10,Warsaw,1,1,16.06,8.1
PM10,Warsaw,1,1,15.98,8.1
PM10,Warsaw,1,1,15.9,8.1
PM10,Warsaw,1,1,15.82,14.7
PM10,Warsaw,1,1,15.74,8.1
PM10,Warsaw,1,1,15.66,8.1
PM10,Warsaw,1,1,15.58,14.7
PM10,Warsaw,1,1,15.5,27.6875
PM10,Warsaw,1,1,25.4,38.4
PM10,Warsaw,1,1,29.4,42.9101
PM10,Warsaw,1,1,46.8,42.9101
PM10,Warsaw,1,1,14.4,30.525
PM10,Warsaw,1,1,11.5,8.1
PM10,Warsaw,1,1,19.2,14.7
PM10,Warsaw,1,1,16.8,19.4667
PM10,Warsaw,1,1,19.4,16.2
PM10,Warsaw,1,1,13.2,19.4667
PM10,Warsaw,1,1,17.4,17
PM10,Warsaw,1,1,16.3,19.4667
PM10,Warsaw,1,1,16.2,19.4667
PM10,Warsaw,1,1,13.4,17
PM10,Warsaw,1,1,17.8,16.2
PM10,Warsaw,1,1,13.6,19.4667
PM10,Warsaw,1,1,22,19.8263
PM10,Warsaw,1,1,31.4,33.7545
PM10,Warsaw,1,1,46.6,41.7908
PM10,Warsaw,1,1,52.4,39.2389
PM10,Warsaw,1,1,29.2,37.11
PM10,Warsaw,1,1,38.3,30.525
PM10,Warsaw,1,1,36.2,27.6875
PM10,Warsaw,1,1,16.7,16.2
PM10,Warsaw,1,1,15.1,16.2
PM10,Warsaw,1,1,29.6,24.36
PM10,Warsaw,1,1,41.2,39.2389
PM10,Warsaw,1,1,28.1,35.29
PM10,Warsaw,1,1,36.7,37.11
PM10,Warsaw,1,1,34.8,33.7545
PM10,Warsaw,1,1,31,33.7545
PM10,Warsaw,1,1,52.3,41.7908
PM10,Warsaw,1,1,47.2,50.0982
PM10,Warsaw,1,1,42.5,50.0982
PM10,Warsaw,1,1,44.8,50.0982
PM10,Warsaw,1,1,52.9,50.0982
PM10,Warsaw,1,1,51,41.7908
PM10,Warsaw,1,1,35.6,30.525
PM10,Warsaw,1,1,32.4,23.7182
PM10,Warsaw,1,1,10.2,24.75
PM10,Warsaw,1,1,22.6,24.75
PM10,Warsaw,1,1,27.1,41.7908
PM10,Warsaw,1,1,34.7,42.9101
PM10,Warsaw,1,1,48.2,51.656
PM10,Warsaw,1,1,78.5,59.6467
PM10,Warsaw,1,1,31.3,38.4
PM10,Warsaw,1,1,25.1,19.95
PM10,Warsaw,1,1,27.6,34.9
PM10,Warsaw,1,1,37.7,59.6467
PM10,Warsaw,1,1,43.4,59.6467
PM10,Warsaw,1,1,63.9,59.6467
PM10,Warsaw,1,1,39.5,41.7908
PM10,Warsaw,1,1,31.4,37.11
PM10,Warsaw,1,1,40.2,35.29
PM10,Warsaw,1,1,25.4,33.7545
PM10,Warsaw,1,1,34.1,28.2
PM10,Warsaw,1,1,22,29.09
PM10,Warsaw,1,1,33.3,28.2
PM10,Warsaw,1,1,35,28.2
PM10,Warsaw,1,1,13.9,16.4
PM10,Warsaw,1,1,21.6,27.6875
PM10,Warsaw,1,1,51.8,39.2389
PM10,Warsaw,1,1,35.8,50.0982
PM10,Warsaw,1,1,34.3,42.9101
PM10,Warsaw,1,1,35,59.6467
PM10,Warsaw,1,1,62.8,76.6909
PM10,Warsaw,1,1,82.2,76.6909
PM10,Warsaw,1,1,40.2,41.7908
PM10,Warsaw,1,1,24.3,33.7545
PM10,Warsaw,1,1,13.9,25.64
PM10,Warsaw,1,1,15,25.64
PM10,Warsaw,1,1,32.1,33.7545
PM10,Warsaw,1,1,16.7,19.8263
PM10,Warsaw,1,1,9.3,8.1
PM10,Warsaw,1,1,16.1,14.7
PM10,Warsaw,1,1,17.8,14.7
PM10,Warsaw,1,1,10.7,8.1
PM10,Warsaw,1,1,23.8,16.2
PM10,Warsaw,1,1,32.1,19.2
PM10,Warsaw,1,1,21.9,19.2
PM10,Warsaw,1,1,23.6,31.3333
PM10,Warsaw,1,1,26.1,17.1
PM10,Warsaw,1,1,27.1,15.1
PM10,Warsaw,1,1,21.4,14.7
PM10,Warsaw,1,1,21.5,16.2
PM10,Warsaw,1,1,22.2,23.7182
PM10,Warsaw,1,1,43,36.44
PM10,Warsaw,1,1,39.4,36.44
PM10,Warsaw,1,1,28.9,37.11
PM10,Warsaw,1,1,37.9,58
PM10,Warsaw,1,1,43.6,41.7908
PM10,Warsaw,1,1,28.3,35.29
PM10,Warsaw,1,1,48.5,58
PM10,Warsaw,1,1,52,41.7908
PM10,Warsaw,1,1,35.2,41.7908
PM10,Warsaw,1,1,49.3,41.7908
PM10,Warsaw,1,1,29.6,35.29
PM10,Warsaw,1,1,21.3,24
PM10,Warsaw,1,1,20.8,27.6875
PM10,Warsaw,1,1,37.3,33.7545
PM10,Warsaw,1,1,33.1,33.7545
PM10,Warsaw,1,1,24.7,19.2
PM10,Warsaw,1,1,27.8,24.75
PM10,Warsaw,1,1,21.1,17.1
PM10,Warsaw,1,1,14.8,16.4
PM10,Warsaw,1,1,16.8,16.2
PM10,Warsaw,1,1,9.2,17
PM10,Warsaw,1,1,31.6,13.9
PM10,Warsaw,1,1,15.6,18.2
PM10,Warsaw,1,1,14.8,17.1
PM10,Warsaw,1,1,29.4,24.75
PM10,Warsaw,1,1,37.6,58
PM10,Warsaw,1,1,67.3,59.6467
PM10,Warsaw,1,1,120.9,80.22
PM10,Warsaw,1,1,120.5,80.22
PM10,Warsaw,1,5,34.6,37.0636
PM10,Warsaw,1,5,43.9,39.1084
PM10,Warsaw,1,5,23.5,30.0395
PM10,Warsaw,1,5,29.7,31.76
PM10,Warsaw,1,5,31.2,20.4704
PM10,Warsaw,1,5,33.1,16.7733
PM10,Warsaw,1,5,29.8,17.4867
PM10,Warsaw,1,5,33.8,35.8958
PM10,Warsaw,1,5,61.6,52.985
PM10,Warsaw,1,5,41.6,40.6933
PM10,Warsaw,1,5,23.9,48.4056
PM10,Warsaw,1,5,37.4,30.735
PM10,Warsaw,1,5,33.1,25.93
PM10,Warsaw,1,5,14.9,11.37
PM10,Warsaw,1,5,11.7,11.37
PM10,Warsaw,1,5,8.7,18.2183
PM10,Warsaw,1,5,8.2,12.47
PM10,Warsaw,1,5,16,23.8
PM10,Warsaw,1,5,32.8,36.01
PM10,Warsaw,1,5,13.9,17.0422
PM10,Warsaw,1,5,12.6,11.37
PM10,Warsaw,1,5,9.4,13.89
PM10,Warsaw,1,5,22.8,19.0933
PM10,Warsaw,1,5,33.3,31.2393
PM10,Warsaw,1,5,33.2,31.2393
PM10,Warsaw,1,5,21.1,15.086
PM10,Warsaw,1,5,24,15.98
PM10,Warsaw,1,5,21.9,17.8
PM10,Warsaw,1,5,22.1,16.5933
PM10,Warsaw,1,5,29.1,27.1224
PM10,Warsaw,1,5,40.8,37.6429
PM10,Warsaw,1,5,29.1,31.5462
PM10,Warsaw,1,5,15.8,31.1733
PM10,Warsaw,1,5,23.9,25.2546
PM10,Warsaw,1,5,34.7,26.67
PM10,Warsaw,1,5,39.8,30.305
PM10,Warsaw,1,5,39.9,44.1715
PM10,Warsaw,1,5,92.4,75.9058
PM10,Warsaw,1,5,58.1,41.3267
PM10,Warsaw,1,5,11.2,48.4056
PM10,Warsaw,1,5,11,51.88
PM10,Warsaw,1,5,20.2,20.31
PM10,Warsaw,1,5,25,35.4085
PM10,Warsaw,1,5,27.4,29.8029
PM10,Warsaw,1,5,28.2,35.2156
PM10,Warsaw,1,5,40.1,42.2434
PM10,Warsaw,1,5,53.6,44.1715
PM10,Warsaw,1,5,17.4,27.1224
PM10,Warsaw,1,5,18.7,16.68
PM10,Warsaw,1,5,30.2,23.54
PM10,Warsaw,1,5,26.4,33.2042
PM10,Warsaw,1,5,27.3,30.6584
PM10,Warsaw,1,5,14.1,19.025
PM10,Warsaw,1,5,18.8,16.7733
PM10,Warsaw,1,5,38.1,19.974
PM10,Warsaw,1,5,11.4,13.582
PM10,Warsaw,1,5,9,19.03
PM10,Warsaw,1,5,17.4,13.582
PM10,Warsaw,1,5,18.7,15.086
PM10,Warsaw,1,5,26.7,18.27
PM10,Warsaw,1,5,13.5,18.2183
PM10,Warsaw,1,5,25,26.67
PM10,Warsaw,1,5,35,40.3265
PM10,Warsaw,1,5,48.4,48.5335
PM10,Warsaw,1,5,32.8,41.7159
PM10,Warsaw,1,5,33.3,48.4056
PM10,Warsaw,1,5,14.1,18.465
PM10,Warsaw,1,5,10.6,11.1267
PM10,Warsaw,1,5,24.3,18.7
PM10,Warsaw,1,5,13.2,18.6622
PM10,Warsaw,1,5,21.5,16.5933
PM10,Warsaw,1,5,14.2,17.61
PM10,Warsaw,1,5,11.6,12.435
PM10,Warsaw,1,5,15.4,17.6783
PM10,Warsaw,1,5,20.8,17.5267
PM10,Warsaw,1,5,19.2,12.1512
PM10,Warsaw,1,5,19.4,15.9087
PM10,Warsaw,1,5,18.8,16.5933
PM10,Warsaw,1,5,14.6,17.8
PM10,Warsaw,1,5,23.4,20.9646
PM10,Warsaw,1,5,14,29.08
PM10,Warsaw,1,5,26,28.134
PM10,Warsaw,1,5,34.4,33.0982
PM10,Warsaw,1,5,34.5,30.29
PM10,Warsaw,1,5,26.8,30.1986
PM10,Warsaw,1,5,55.4,50.9936
PM10,Warsaw,1,5,93.8,75.9058
PM10,Warsaw,1,5,77.7,41.3267
PM10,Warsaw,1,5,66,55.1265
PM10,Warsaw,1,5,47.7,57.3969
PM10,Warsaw,1,5,50.8,56.7473
PM10,Warsaw,1,5,49.7,48.5335
PM10,Warsaw,1,5,31.3,31.1006
PM10,Warsaw,1,5,19.3,15.98
PM10,Warsaw,1,5,38.7,30.6584
PM10,Warsaw,1,5,34.2,40.9107
PM10,Warsaw,1,5,35,41.7159
PM10,Warsaw,1,5,15.1,26.9998
PM10,Warsaw,1,5,22,15.98
PM10,Warsaw,1,5,31.3,29.935
PM10,Warsaw,1,5,30.4,24.12
PM10,Warsaw,1,5,20.3,18.245
PM10,Warsaw,1,5,13.8,15.98
PM10,Warsaw,1,5,21.8,27.0773
PM10,Warsaw,1,5,18.4,18.1679
PM10,Warsaw,1,5,15,17.585
PM10,Warsaw,1,5,17.5,16.7733
PM10,Warsaw,1,5,18.3,20.9646
PM10,Warsaw,1,5,26.2,26.67
PM10,Warsaw,1,5,41.3,34.8622
PM10,Warsaw,1,5,45.5,44.1715
PM10,Warsaw,1,5,49.6,44.1715
PM10,Warsaw,1,5,44.3,42.2434
PM10,Warsaw,1,5,42.4,39.1084
PM10,Warsaw,1,5,24.9,30.6584
PM10,Warsaw,1,5,16.1,15.8533
PM10,Warsaw,1,5,18,17.585
PM10,Warsaw,1,5,10.4,16.25
PM10,Warsaw,1,5,9.1,14.6133
PM10,Warsaw,1,5,18.3,18.7
PM10,Warsaw,1,5,19.3,18.27
PM10,Warsaw,1,5,11.5,13.89
PM10,Warsaw,1,5,26.5,17.5267
PM10,Warsaw,1,5,15.1,13.582
PM10,Warsaw,1,5,25.3,18.1679
PM10,Warsaw,1,5,25.8,12.1512
PM10,Warsaw,1,5,20.4,19.1183
PM10,Warsaw,1,5,28.3,25.3609
PM10,Warsaw,1,5,19.9,20.4704
PM10,Warsaw,1,5,25.1,30.6584
PM10,Warsaw,1,5,33,39.1084
PM10,Warsaw,1,5,47.1,44.1715
PM10,Warsaw,1,5,25.3,39.1084
PM10,Warsaw,1,5,22.5,28.0446
PM10,Warsaw,1,5,9,11.37
PM10,Warsaw,1,5,15.7,11.37
PM10,Warsaw,1,5,11.7,11.37
PM10,Warsaw,1,5,9.2,11.37
PM10,Warsaw,1,5,11.6,11.37
PM10,Warsaw,1,5,11.5,11.37
PM10,Warsaw,1,5,14.7,13.89
PM10,Warsaw,1,5,24.3,14.086
PM10,Warsaw,1,5,27.1,20.4704
PM10,Warsaw,1,5,19.4,17.8
PM10,Warsaw,1,5,18.9,27.0773
PM10,Warsaw,1,5,21.1,23.54
PM10,Warsaw,1,5,27.9,28.3529
PM10,Warsaw,1,5,22.9,15.086
PM10,Warsaw,1,5,17.7,18.7
PM10,Warsaw,1,5,25.5,12.1512
PM10,Warsaw,1,5,21.6,12.1512
PM10,Warsaw,1,5,16.7,18.27
PM10,Warsaw,1,5,20.6,22.0689
PM10,Warsaw,1,5,26.7,26.6016
PM10,Warsaw,1,5,30.4,27.1224
PM10,Warsaw,1,5,33.7,24.6423
PM10,Warsaw,1,5,38.8,24.3815
PM10,Warsaw,1,5,27.9,22.8567
PM10,Warsaw,1,5,21,31.3333
PM10,Warsaw,1,5,35.8,29.8609
PM10,Warsaw,1,5,13.1,26.8434
PM10,Warsaw,1,5,16.4,17.585
PM10,Warsaw,1,5,20.2,23.54
PM10,Warsaw,1,5,23.6,24.12
PM10,Warsaw,1,5,30.8,15.086
PM10,Warsaw,1,5,29.4,17.8
PM10,Warsaw,1,5,28.1,18.465
PM10,Warsaw,1,5,19.8,17.8
PM10,Warsaw,1,5,19.8,22.7127
PM10,Warsaw,1,5,28.6,26.7383
PM10,Warsaw,1,5,22,29.8029
PM10,Warsaw,1,5,25.8,31.0004
PM10,Warsaw,1,5,37.8,34.6706
PM10,Warsaw,1,5,27.6,31.7863
PM10,Warsaw,1,5,19.5,27.122
PM10,Warsaw,1,5,18.5,20.4704
PM10,Warsaw,1,5,25.8,24.7
PM10,Warsaw,1,5,22.5,24.7
PM10,Warsaw,1,5,22.4,15.086
PM10,Warsaw,1,5,23.3,24.3815
PM10,Warsaw,1,5,25.4,22.8567
PM10,Warsaw,1,5,15.5,19.025
PM10,Warsaw,1,5,19.7,18.2183
PM10,Warsaw,1,5,23.6,16.7733
PM10,Warsaw,1,5,19.6,17.585
PM10,Warsaw,1,5,18.5,16.7733
PM10,Warsaw,1,5,20.8,23.54
PM10,Warsaw,1,5,24.8,26.8434
PM10,Warsaw,1,5,28.6,26.67
PM10,Warsaw,1,5,17.9,17.8
PM10,Warsaw,1,5,15.6,16.7733
PM10,Warsaw,1,5,19.9,17.8889
PM10,Warsaw,1,5,26.7,24.7
PM10,Warsaw,1,5,19.5,12.1512
PM10,Warsaw,1,5,26.7,24.4573
PM10,Warsaw,1,5,23.3,14.086
PM10,Warsaw,1,5,15,18.27
PM10,Warsaw,1,5,17.6,14.22
PM10,Warsaw,1,5,21.9,17.8
PM10,Warsaw,1,5,18.9,19.025
PM10,Warsaw,1,5,26,20.4704
PM10,Warsaw,1,5,29.4,26.7383
PM10,Warsaw,1,5,18.4,18.9706
PM10,Warsaw,1,5,17.6,15.98
PM10,Warsaw,1,5,22.2,20.1867
PM10,Warsaw,1,5,26.4,18.1679
PM10,Warsaw,1,5,19.2,18.1679
PM10,Warsaw,1,5,26,29.8029
PM10,Warsaw,1,5,30,40.3096
PM10,Warsaw,1,5,45.5,42.2434
PM10,Warsaw,1,5,18.6,31.1006
PM10,Warsaw,1,5,17.3,18.2183
PM10,Warsaw,1,5,21,16.5933
PM10,Warsaw,1,5,14.1,13.89
PM10,Warsaw,1,5,17.5,18.2183
PM10,Warsaw,1,5,23.5,20.4704
PM10,Warsaw,1,5,15.9,19.1183
PM10,Warsaw,1,5,17.1,16.7733
PM10,Warsaw,1,5,27.7,22.7127
PM10,Warsaw,1,5,27,26.994
PM10,Warsaw,1,5,24.8,31.0004
PM10,Warsaw,1,5,27.7,28.935
PM10,Warsaw,1,5,29.3,31.0004
PM10,Warsaw,1,5,14.6,17.585
PM10,Warsaw,1,5,6.7,11.37
PM10,Warsaw,1,5,17.7,13.89
PM10,Warsaw,1,5,25.2,19.025
PM10,Warsaw,1,5,29.4,13.582
PM10,Warsaw,1,5,25.6,12.47
PM10,Warsaw,1,5,30.1,31.0004
PM10,Warsaw,1,5,27.3,24.284
PM10,Warsaw,1,5,18,17.8
PM10,Warsaw,1,5,19.8,18.9733
PM10,Warsaw,1,5,27.2,26.9714
PM10,Warsaw,1,5,34.2,30.735
PM10,Warsaw,1,5,32.3,15.086
PM10,Warsaw,1,5,16.3,18.2183
PM10,Warsaw,1,5,16.22,15.7583
PM10,Warsaw,1,5,16.14,18.2183
PM10,Warsaw,1,5,16.06,11.37
PM10,Warsaw,1,5,15.98,11.09
PM10,Warsaw,1,5,15.9,11.49
PM10,Warsaw,1,5,15.82,12.81
PM10,Warsaw,1,5,15.74,11.49
PM10,Warsaw,1,5,15.66,11.37
PM10,Warsaw,1,5,15.58,17.585
PM10,Warsaw,1,5,15.5,26.6016
PM10,Warsaw,1,5,25.4,36.1633
PM10,Warsaw,1,5,29.4,44.1715
PM10,Warsaw,1,5,46.8,44.1715
PM10,Warsaw,1,5,14.4,29.505
PM10,Warsaw,1,5,11.5,11.37
PM10,Warsaw,1,5,19.2,16.68
PM10,Warsaw,1,5,16.8,18.27
PM10,Warsaw,1,5,19.4,16.7733
PM10,Warsaw,1,5,13.2,18.27
PM10,Warsaw,1,5,17.4,10.875
PM10,Warsaw,1,5,16.3,18.27
PM10,Warsaw,1,5,16.2,18.2183
PM10,Warsaw,1,5,13.4,16.25
PM10,Warsaw,1,5,17.8,16.5933
PM10,Warsaw,1,5,13.6,18.27
PM10,Warsaw,1,5,22,20.4704
PM10,Warsaw,1,5,31.4,30.0395
PM10,Warsaw,1,5,46.6,41.7159
PM10,Warsaw,1,5,52.4,37.7643
PM10,Warsaw,1,5,29.2,34.6706
PM10,Warsaw,1,5,38.3,29.505
PM10,Warsaw,1,5,36.2,25.9231
PM10,Warsaw,1,5,16.7,16.7733
PM10,Warsaw,1,5,15.1,16.5933
PM10,Warsaw,1,5,29.6,31.2393
PM10,Warsaw,1,5,41.2,39.1084
PM10,Warsaw,1,5,28.1,35.3506
PM10,Warsaw,1,5,36.7,33.0982
PM10,Warsaw,1,5,34.8,32.8942
PM10,Warsaw,1,5,31,30.1986
PM10,Warsaw,1,5,52.3,40.9107
PM10,Warsaw,1,5,47.2,44.1715
PM10,Warsaw,1,5,42.5,53.3209
PM10,Warsaw,1,5,44.8,48.5335
PM10,Warsaw,1,5,52.9,54.255
PM10,Warsaw,1,5,51,40.9107
PM10,Warsaw,1,5,35.6,29.5069
PM10,Warsaw,1,5,32.4,26.994
PM10,Warsaw,1,5,10.2,24.7
PM10,Warsaw,1,5,22.6,26.67
PM10,Warsaw,1,5,27.1,39.1084
PM10,Warsaw,1,5,34.7,44.1715
PM10,Warsaw,1,5,48.2,54.255
PM10,Warsaw,1,5,78.5,57.3969
PM10,Warsaw,1,5,31.3,39.1811
PM10,Warsaw,1,5,25.1,20.31
PM10,Warsaw,1,5,27.6,41.3267
PM10,Warsaw,1,5,37.7,57.3969
PM10,Warsaw,1,5,43.4,64.082
PM10,Warsaw,1,5,63.9,56.7473
PM10,Warsaw,1,5,39.5,42.2434
PM10,Warsaw,1,5,31.4,34.6706
PM10,Warsaw,1,5,40.2,29.2043
PM10,Warsaw,1,5,25.4,31.5462
PM10,Warsaw,1,5,34.1,30.6584
PM10,Warsaw,1,5,22,32.8792
PM10,Warsaw,1,5,33.3,31.0004
PM10,Warsaw,1,5,35,31.0004
PM10,Warsaw,1,5,13.9,18.1679
PM10,Warsaw,1,5,21.6,26.9714
PM10,Warsaw,1,5,51.8,39.1084
PM10,Warsaw,1,5,35.8,44.1715
PM10,Warsaw,1,5,34.3,44.1715
PM10,Warsaw,1,5,35,55.698
PM10,Warsaw,1,5,62.8,75.9058
PM10,Warsaw,1,5,82.2,75.9058
PM10,Warsaw,1,5,40.2,41.1318
PM10,Warsaw,1,5,24.3,32.8942
PM10,Warsaw,1,5,13.9,27.3327
PM10,Warsaw,1,5,15,27.3327
PM10,Warsaw,1,5,32.1,36.01
PM10,Warsaw,1,5,16.7,20.7106
PM10,Warsaw,1,5,9.3,11.37
PM10,Warsaw,1,5,16.1,16.68
PM10,Warsaw,1,5,17.8,16.68
PM10,Warsaw,1,5,10.7,11.395
PM10,Warsaw,1,5,23.8,18.2183
PM10,Warsaw,1,5,32.1,13.582
PM10,Warsaw,1,5,21.9,13.582
PM10,Warsaw,1,5,23.6,31.3333
PM10,Warsaw,1,5,26.1,22.8567
PM10,Warsaw,1,5,27.1,19.025
PM10,Warsaw,1,5,21.4,13.89
PM10,Warsaw,1,5,21.5,17.8
PM10,Warsaw,1,5,22.2,26.8434
PM10,Warsaw,1,5,43,37.6429
PM10,Warsaw,1,5,39.4,33.1783
PM10,Warsaw,1,5,28.9,33.0982
PM10,Warsaw,1,5,37.9,50.2669
PM10,Warsaw,1,5,43.6,39.8229
PM10,Warsaw,1,5,28.3,30.4614
PM10,Warsaw,1,5,48.5,50.0753
PM10,Warsaw,1,5,52,40.9107
PM10,Warsaw,1,5,35.2,39.1084
PM10,Warsaw,1,5,49.3,41.063
PM10,Warsaw,1,5,29.6,35.3506
PM10,Warsaw,1,5,21.3,31.76
PM10,Warsaw,1,5,20.8,29.8609
PM10,Warsaw,1,5,37.3,33.71
PM10,Warsaw,1,5,33.1,32.7729
PM10,Warsaw,1,5,24.7,19.266
PM10,Warsaw,1,5,27.8,26.67
PM10,Warsaw,1,5,21.1,12.47
PM10,Warsaw,1,5,14.8,16.7733
PM10,Warsaw,1,5,16.8,16.5933
PM10,Warsaw,1,5,9.2,11.1267
PM10,Warsaw,1,5,31.6,15.98
PM10,Warsaw,1,5,15.6,25.144
PM10,Warsaw,1,5,14.8,12.47
PM10,Warsaw,1,5,29.4,23.54
PM10,Warsaw,1,5,37.6,50.0753
PM10,Warsaw,1,5,67.3,57.3969
PM10,Warsaw,1,5,120.9,146.149
PM10,Warsaw,1,5,120.5,127.531
PM10,Warsaw,1,25,34.6,37.2932
PM10,Warsaw,1,25,43.9,39.0824
PM10,Warsaw,1,25,23.5,32.0369
PM10,Warsaw,1,25,29.7,28.5483
PM10,Warsaw,1,25,31.2,21.0479
PM10,Warsaw,1,25,33.1,17.6213
PM10,Warsaw,1,25,29.8,17.8507
PM10,Warsaw,1,25,33.8,36.2823
PM10,Warsaw,1,25,61.6,53.1019
PM10,Warsaw,1,25,41.6,34.7393
PM10,Warsaw,1,25,23.9,46.6787
PM10,Warsaw,1,25,37.4,31.2866
PM10,Warsaw,1,25,33.1,24.7511
PM10,Warsaw,1,25,14.9,10.424
PM10,Warsaw,1,25,11.7,10.1742
PM10,Warsaw,1,25,8.7,18.7871
PM10,Warsaw,1,25,8.2,14.3289
PM10,Warsaw,1,25,16,16.9711
PM10,Warsaw,1,25,32.8,29.084
PM10,Warsaw,1,25,13.9,15.4292
PM10,Warsaw,1,25,12.6,10.3686
PM10,Warsaw,1,25,9.4,13.7874
PM10,Warsaw,1,25,22.8,17.6863
PM10,Warsaw,1,25,33.3,27.5039
PM10,Warsaw,1,25,33.2,27.5039
PM10,Warsaw,1,25,21.1,16.9809
PM10,Warsaw,1,25,24,16.9267
PM10,Warsaw,1,25,21.9,17.6503
PM10,Warsaw,1,25,22.1,17.2123
PM10,Warsaw,1,25,29.1,26.5178
PM10,Warsaw,1,25,40.8,34.2345
PM10,Warsaw,1,25,29.1,32.22
PM10,Warsaw,1,25,15.8,29.7093
PM10,Warsaw,1,25,23.9,23.9471
PM10,Warsaw,1,25,34.7,24.683
PM10,Warsaw,1,25,39.8,29.5495
PM10,Warsaw,1,25,39.9,45.2333
PM10,Warsaw,1,25,92.4,78.3187
PM10,Warsaw,1,25,58.1,45.4279
PM10,Warsaw,1,25,11.2,43.382
PM10,Warsaw,1,25,11,56.3867
PM10,Warsaw,1,25,20.2,22.0044
PM10,Warsaw,1,25,25,35.4206
PM10,Warsaw,1,25,27.4,27.7522
PM10,Warsaw,1,25,28.2,32.351
PM10,Warsaw,1,25,40.1,42.2001
PM10,Warsaw,1,25,53.6,43.9927
PM10,Warsaw,1,25,17.4,27.6101
PM10,Warsaw,1,25,18.7,15.5099
PM10,Warsaw,1,25,30.2,23.4971
PM10,Warsaw,1,25,26.4,32.647
PM10,Warsaw,1,25,27.3,29.6978
PM10,Warsaw,1,25,14.1,16.9497
PM10,Warsaw,1,25,18.8,16.8763
PM10,Warsaw,1,25,38.1,18.0415
PM10,Warsaw,1,25,11.4,15.0888
PM10,Warsaw,1,25,9,17.7488
PM10,Warsaw,1,25,17.4,14.444
PM10,Warsaw,1,25,18.7,16.9809
PM10,Warsaw,1,25,26.7,16.402
PM10,Warsaw,1,25,13.5,18.8141
PM10,Warsaw,1,25,25,24.7404
PM10,Warsaw,1,25,35,40.4552
PM10,Warsaw,1,25,48.4,51.5803
PM10,Warsaw,1,25,32.8,43.2332
PM10,Warsaw,1,25,33.3,43.5825
PM10,Warsaw,1,25,14.1,18.4211
PM10,Warsaw,1,25,10.6,14.0827
PM10,Warsaw,1,25,24.3,18.612
PM10,Warsaw,1,25,13.2,16.6055
PM10,Warsaw,1,25,21.5,17.0787
PM10,Warsaw,1,25,14.2,15.0313
PM10,Warsaw,1,25,11.6,13.685
PM10,Warsaw,1,25,15.4,18.6618
PM10,Warsaw,1,25,20.8,17.1457
PM10,Warsaw,1,25,19.2,14.7074
PM10,Warsaw,1,25,19.4,17.6486
PM10,Warsaw,1,25,18.8,17.2123
PM10,Warsaw,1,25,14.6,17.6503
PM10,Warsaw,1,25,23.4,18.7793
PM10,Warsaw,1,25,14,27.2865
PM10,Warsaw,1,25,26,27.7522
PM10,Warsaw,1,25,34.4,31.8739
PM10,Warsaw,1,25,34.5,28.7648
PM10,Warsaw,1,25,26.8,31.5666
PM10,Warsaw,1,25,55.4,52.7221
PM10,Warsaw,1,25,93.8,78.2607
PM10,Warsaw,1,25,77.7,43.8295
PM10,Warsaw,1,25,66,56.4526
PM10,Warsaw,1,25,47.7,59.7188
PM10,Warsaw,1,25,50.8,58.3488
PM10,Warsaw,1,25,49.7,48.1541
PM10,Warsaw,1,25,31.3,29.4419
PM10,Warsaw,1,25,19.3,17.9007
PM10,Warsaw,1,25,38.7,28.6916
PM10,Warsaw,1,25,34.2,41.7302
PM10,Warsaw,1,25,35,43.1334
PM10,Warsaw,1,25,15.1,24.653
PM10,Warsaw,1,25,22,17.1547
PM10,Warsaw,1,25,31.3,28.8563
PM10,Warsaw,1,25,30.4,24.2946
PM10,Warsaw,1,25,20.3,17.0043
PM10,Warsaw,1,25,13.8,17.9007
PM10,Warsaw,1,25,21.8,22.6352
PM10,Warsaw,1,25,18.4,18.8279
PM10,Warsaw,1,25,15,18.1898
PM10,Warsaw,1,25,17.5,17.0606
PM10,Warsaw,1,25,18.3,18.6885
PM10,Warsaw,1,25,26.2,24.683
PM10,Warsaw,1,25,41.3,34.9117
PM10,Warsaw,1,25,45.5,43.9691
PM10,Warsaw,1,25,49.6,45.9977
PM10,Warsaw,1,25,44.3,43.7008
PM10,Warsaw,1,25,42.4,38.4795
PM10,Warsaw,1,25,24.9,29.6978
PM10,Warsaw,1,25,16.1,17.3737
PM10,Warsaw,1,25,18,18.1898
PM10,Warsaw,1,25,10.4,14.099
PM10,Warsaw,1,25,9.1,16.558
PM10,Warsaw,1,25,18.3,18.612
PM10,Warsaw,1,25,19.3,17.2898
PM10,Warsaw,1,25,11.5,13.8139
PM10,Warsaw,1,25,26.5,16.979
PM10,Warsaw,1,25,15.1,16.0396
PM10,Warsaw,1,25,25.3,18.8279
PM10,Warsaw,1,25,25.8,14.7965
PM10,Warsaw,1,25,20.4,16.5913
PM10,Warsaw,1,25,28.3,24.4193
PM10,Warsaw,1,25,19.9,19.5576
PM10,Warsaw,1,25,25.1,28.2454
PM10,Warsaw,1,25,33,37.9304
PM10,Warsaw,1,25,47.1,45.2333
PM10,Warsaw,1,25,25.3,39.1551
PM10,Warsaw,1,25,22.5,24.7353
PM10,Warsaw,1,25,9,10.1479
PM10,Warsaw,1,25,15.7,10.144
PM10,Warsaw,1,25,11.7,10.7539
PM10,Warsaw,1,25,9.2,10.2759
PM10,Warsaw,1,25,11.6,10.2759
PM10,Warsaw,1,25,11.5,10.7539
PM10,Warsaw,1,25,14.7,13.8139
PM10,Warsaw,1,25,24.3,15.3413
PM10,Warsaw,1,25,27.1,21.0479
PM10,Warsaw,1,25,19.4,17.1439
PM10,Warsaw,1,25,18.9,23.4297
PM10,Warsaw,1,25,21.1,23.3966
PM10,Warsaw,1,25,27.9,27.2965
PM10,Warsaw,1,25,22.9,16.9809
PM10,Warsaw,1,25,17.7,17.8401
PM10,Warsaw,1,25,25.5,15.7167
PM10,Warsaw,1,25,21.6,15.7913
PM10,Warsaw,1,25,16.7,17.4528
PM10,Warsaw,1,25,20.6,18.9978
PM10,Warsaw,1,25,26.7,26.2449
PM10,Warsaw,1,25,30.4,26.2413
PM10,Warsaw,1,25,33.7,24.7409
PM10,Warsaw,1,25,38.8,24.0167
PM10,Warsaw,1,25,27.9,22.4551
PM10,Warsaw,1,25,21,30.3973
PM10,Warsaw,1,25,35.8,26.1407
PM10,Warsaw,1,25,13.1,25.4004
PM10,Warsaw,1,25,16.4,18.1442
PM10,Warsaw,1,25,20.2,23.1011
PM10,Warsaw,1,25,23.6,24.2946
PM10,Warsaw,1,25,30.8,16.9809
PM10,Warsaw,1,25,29.4,17.1439
PM10,Warsaw,1,25,28.1,18.4211
PM10,Warsaw,1,25,19.8,17.6503
PM10,Warsaw,1,25,19.8,21.8481
PM10,Warsaw,1,25,28.6,24.6544
PM10,Warsaw,1,25,22,27.7522
PM10,Warsaw,1,25,25.8,28.9463
PM10,Warsaw,1,25,37.8,34.6862
PM10,Warsaw,1,25,27.6,31.8749
PM10,Warsaw,1,25,19.5,25.2866
PM10,Warsaw,1,25,18.5,21.0479
PM10,Warsaw,1,25,25.8,23.9921
PM10,Warsaw,1,25,22.5,23.9921
PM10,Warsaw,1,25,22.4,16.9809
PM10,Warsaw,1,25,23.3,24.0167
PM10,Warsaw,1,25,25.4,22.3136
PM10,Warsaw,1,25,15.5,17.1612
PM10,Warsaw,1,25,19.7,18.8141
PM10,Warsaw,1,25,23.6,17.6213
PM10,Warsaw,1,25,19.6,18.1442
PM10,Warsaw,1,25,18.5,17.6213
PM10,Warsaw,1,25,20.8,23.3966
PM10,Warsaw,1,25,24.8,27.0833
PM10,Warsaw,1,25,28.6,24.683
PM10,Warsaw,1,25,17.9,17.3791
PM10,Warsaw,1,25,15.6,16.4377
PM10,Warsaw,1,25,19.9,18.9978
PM10,Warsaw,1,25,26.7,23.9921
PM10,Warsaw,1,25,19.5,15.7913
PM10,Warsaw,1,25,26.7,21.5875
PM10,Warsaw,1,25,23.3,15.3413
PM10,Warsaw,1,25,15,16.186
PM10,Warsaw,1,25,17.6,16.8894
PM10,Warsaw,1,25,21.9,17.3791
PM10,Warsaw,1,25,18.9,16.8195
PM10,Warsaw,1,25,26,21.0479
PM10,Warsaw,1,25,29.4,24.6544
PM10,Warsaw,1,25,18.4,18.8195
PM10,Warsaw,1,25,17.6,17.735
PM10,Warsaw,1,25,22.2,20.8416
PM10,Warsaw,1,25,26.4,18.8279
PM10,Warsaw,1,25,19.2,18.8279
PM10,Warsaw,1,25,26,27.1329
PM10,Warsaw,1,25,30,39.9279
PM10,Warsaw,1,25,45.5,43.8205
PM10,Warsaw,1,25,18.6,32.0783
PM10,Warsaw,1,25,17.3,18.7848
PM10,Warsaw,1,25,21,17.104
PM10,Warsaw,1,25,14.1,13.863
PM10,Warsaw,1,25,17.5,18.7871
PM10,Warsaw,1,25,23.5,20.7459
PM10,Warsaw,1,25,15.9,16.8041
PM10,Warsaw,1,25,17.1,17.2261
PM10,Warsaw,1,25,27.7,21.8481
PM10,Warsaw,1,25,27,25.9911
PM10,Warsaw,1,25,24.8,28.9463
PM10,Warsaw,1,25,27.7,30.1027
PM10,Warsaw,1,25,29.3,28.127
PM10,Warsaw,1,25,14.6,17.9738
PM10,Warsaw,1,25,6.7,10.2462
PM10,Warsaw,1,25,17.7,14.099
PM10,Warsaw,1,25,25.2,17.2117
PM10,Warsaw,1,25,29.4,14.9733
PM10,Warsaw,1,25,25.6,14.5693
PM10,Warsaw,1,25,30.1,28.0774
PM10,Warsaw,1,25,27.3,22.3442
PM10,Warsaw,1,25,18,17.3791
PM10,Warsaw,1,25,19.8,17.2216
PM10,Warsaw,1,25,27.2,25.5036
PM10,Warsaw,1,25,34.2,28.8467
PM10,Warsaw,1,25,32.3,16.9809
PM10,Warsaw,1,25,16.3,18.7871
PM10,Warsaw,1,25,16.22,15.2459
PM10,Warsaw,1,25,16.14,18.7871
PM10,Warsaw,1,25,16.06,10.7539
PM10,Warsaw,1,25,15.98,9.88
PM10,Warsaw,1,25,15.9,10.688
PM10,Warsaw,1,25,15.82,12.4
PM10,Warsaw,1,25,15.74,10.688
PM10,Warsaw,1,25,15.66,10.016
PM10,Warsaw,1,25,15.58,16.8407
PM10,Warsaw,1,25,15.5,26.2449
PM10,Warsaw,1,25,25.4,34.0108
PM10,Warsaw,1,25,29.4,44.642
PM10,Warsaw,1,25,46.8,43.9691
PM10,Warsaw,1,25,14.4,29.2039
PM10,Warsaw,1,25,11.5,10.2759
PM10,Warsaw,1,25,19.2,15.3923
PM10,Warsaw,1,25,16.8,16.3385
PM10,Warsaw,1,25,19.4,17.0466
PM10,Warsaw,1,25,13.2,17.2898
PM10,Warsaw,1,25,17.4,14.0987
PM10,Warsaw,1,25,16.3,17.2898
PM10,Warsaw,1,25,16.2,18.7871
PM10,Warsaw,1,25,13.4,15.0914
PM10,Warsaw,1,25,17.8,17.6973
PM10,Warsaw,1,25,13.6,17.2898
PM10,Warsaw,1,25,22,20.7286
PM10,Warsaw,1,25,31.4,32.225
PM10,Warsaw,1,25,46.6,43.1334
PM10,Warsaw,1,25,52.4,37.7863
PM10,Warsaw,1,25,29.2,35.5049
PM10,Warsaw,1,25,38.3,29.2039
PM10,Warsaw,1,25,36.2,26.7332
PM10,Warsaw,1,25,16.7,16.7373
PM10,Warsaw,1,25,15.1,17.0787
PM10,Warsaw,1,25,29.6,27.7945
PM10,Warsaw,1,25,41.2,38.3164
PM10,Warsaw,1,25,28.1,32.4064
PM10,Warsaw,1,25,36.7,34.3728
PM10,Warsaw,1,25,34.8,31.9832
PM10,Warsaw,1,25,31,31.5666
PM10,Warsaw,1,25,52.3,42.7433
PM10,Warsaw,1,25,47.2,46.508
PM10,Warsaw,1,25,42.5,53.9078
PM10,Warsaw,1,25,44.8,52.8508
PM10,Warsaw,1,25,52.9,53.1019
PM10,Warsaw,1,25,51,40.3731
PM10,Warsaw,1,25,35.6,28.9465
PM10,Warsaw,1,25,32.4,25.9911
PM10,Warsaw,1,25,10.2,24.5075
PM10,Warsaw,1,25,22.6,24.683
PM10,Warsaw,1,25,27.1,38.7027
PM10,Warsaw,1,25,34.7,43.8308
PM10,Warsaw,1,25,48.2,54.16
PM10,Warsaw,1,25,78.5,59.7188
PM10,Warsaw,1,25,31.3,37.6084
PM10,Warsaw,1,25,25.1,24.1249
PM10,Warsaw,1,25,27.6,41.188
PM10,Warsaw,1,25,37.7,59.7188
PM10,Warsaw,1,25,43.4,60.5538
PM10,Warsaw,1,25,63.9,59.1425
PM10,Warsaw,1,25,39.5,42.2001
PM10,Warsaw,1,25,31.4,35.5049
PM10,Warsaw,1,25,40.2,33.6259
PM10,Warsaw,1,25,25.4,32.22
PM10,Warsaw,1,25,34.1,29.1998
PM10,Warsaw,1,25,22,31.0766
PM10,Warsaw,1,25,33.3,28.127
PM10,Warsaw,1,25,35,28.9463
PM10,Warsaw,1,25,13.9,18.8279
PM10,Warsaw,1,25,21.6,25.5036
PM10,Warsaw,1,25,51.8,37.4587
PM10,Warsaw,1,25,35.8,45.8352
PM10,Warsaw,1,25,34.3,45.025
PM10,Warsaw,1,25,35,58.3488
PM10,Warsaw,1,25,62.8,78.2607
PM10,Warsaw,1,25,82.2,78.3187
PM10,Warsaw,1,25,40.2,40.0373
PM10,Warsaw,1,25,24.3,31.9832
PM10,Warsaw,1,25,13.9,27.1914
PM10,Warsaw,1,25,15,25.9421
PM10,Warsaw,1,25,32.1,30.5356
PM10,Warsaw,1,25,16.7,19.899
PM10,Warsaw,1,25,9.3,10.7539
PM10,Warsaw,1,25,16.1,15.3923
PM10,Warsaw,1,25,17.8,14.245
PM10,Warsaw,1,25,10.7,11.055
PM10,Warsaw,1,25,23.8,18.6518
PM10,Warsaw,1,25,32.1,15.0888
PM10,Warsaw,1,25,21.9,15.5238
PM10,Warsaw,1,25,23.6,30.8475
PM10,Warsaw,1,25,26.1,22.6859
PM10,Warsaw,1,25,27.1,16.8195
PM10,Warsaw,1,25,21.4,14.099
PM10,Warsaw,1,25,21.5,17.6503
PM10,Warsaw,1,25,22.2,25.7372
PM10,Warsaw,1,25,43,34.0597
PM10,Warsaw,1,25,39.4,33.552
PM10,Warsaw,1,25,28.9,32.4563
PM10,Warsaw,1,25,37.9,45.1197
PM10,Warsaw,1,25,43.6,39.7712
PM10,Warsaw,1,25,28.3,31.3685
PM10,Warsaw,1,25,48.5,44.8767
PM10,Warsaw,1,25,52,41.7302
PM10,Warsaw,1,25,35.2,38.6291
PM10,Warsaw,1,25,49.3,43.023
PM10,Warsaw,1,25,29.6,32.4064
PM10,Warsaw,1,25,21.3,27.7044
PM10,Warsaw,1,25,20.8,26.1407
PM10,Warsaw,1,25,37.3,31.9367
PM10,Warsaw,1,25,33.1,33.3812
PM10,Warsaw,1,25,24.7,18.8122
PM10,Warsaw,1,25,27.8,24.7186
PM10,Warsaw,1,25,21.1,14.5046
PM10,Warsaw,1,25,14.8,17.6213
PM10,Warsaw,1,25,16.8,17.104
PM10,Warsaw,1,25,9.2,13.4747
PM10,Warsaw,1,25,31.6,17.6475
PM10,Warsaw,1,25,15.6,21.13
PM10,Warsaw,1,25,14.8,14.6658
PM10,Warsaw,1,25,29.4,23.0051
PM10,Warsaw,1,25,37.6,46.1332
PM10,Warsaw,1,25,67.3,59.7188
PM10,Warsaw,1,25,120.9,108.506
PM10,Warsaw,1,25,120.5,113.991
PM10,Warsaw,1,50,34.6,37.4421
PM10,Warsaw,1,50,43.9,40.0328
PM10,Warsaw,1,50,23.5,32.8985
PM10,Warsaw,1,50,29.7,28.0902
PM10,Warsaw,1,50,31.2,21.099
PM10,Warsaw,1,50,33.1,17.2276
PM10,Warsaw,1,50,29.8,17.6178
PM10,Warsaw,1,50,33.8,36.5605
PM10,Warsaw,1,50,61.6,52.2694
PM10,Warsaw,1,50,41.6,35.8069
PM10,Warsaw,1,50,23.9,48.4373
PM10,Warsaw,1,50,37.4,30.5964
PM10,Warsaw,1,50,33.1,25.1918
PM10,Warsaw,1,50,14.9,10.477
PM10,Warsaw,1,50,11.7,10.477
PM10,Warsaw,1,50,8.7,18.5319
PM10,Warsaw,1,50,8.2,16.6802
PM10,Warsaw,1,50,16,18.4063
PM10,Warsaw,1,50,32.8,28.2689
PM10,Warsaw,1,50,13.9,15.8667
PM10,Warsaw,1,50,12.6,10.6253
PM10,Warsaw,1,50,9.4,13.696
PM10,Warsaw,1,50,22.8,18.6638
PM10,Warsaw,1,50,33.3,26.8109
PM10,Warsaw,1,50,33.2,26.8109
PM10,Warsaw,1,50,21.1,18.4159
PM10,Warsaw,1,50,24,16.5832
PM10,Warsaw,1,50,21.9,18.1383
PM10,Warsaw,1,50,22.1,17.0727
PM10,Warsaw,1,50,29.1,26.0403
PM10,Warsaw,1,50,40.8,35.3615
PM10,Warsaw,1,50,29.1,32.9683
PM10,Warsaw,1,50,15.8,28.207
PM10,Warsaw,1,50,23.9,24.5912
PM10,Warsaw,1,50,34.7,25.4616
PM10,Warsaw,1,50,39.8,29.4592
PM10,Warsaw,1,50,39.9,44.8687
PM10,Warsaw,1,50,92.4,75.7705
PM10,Warsaw,1,50,58.1,39.0932
PM10,Warsaw,1,50,11.2,47.1388
PM10,Warsaw,1,50,11,56.8548
PM10,Warsaw,1,50,20.2,21.4122
PM10,Warsaw,1,50,25,34.2071
PM10,Warsaw,1,50,27.4,28.0842
PM10,Warsaw,1,50,28.2,34.0857
PM10,Warsaw,1,50,40.1,41.7654
PM10,Warsaw,1,50,53.6,44.6524
PM10,Warsaw,1,50,17.4,26.979
PM10,Warsaw,1,50,18.7,15.9348
PM10,Warsaw,1,50,30.2,24.6331
PM10,Warsaw,1,50,26.4,32.6623
PM10,Warsaw,1,50,27.3,29.4535
PM10,Warsaw,1,50,14.1,17.9827
PM10,Warsaw,1,50,18.8,17.1312
PM10,Warsaw,1,50,38.1,19.8742
PM10,Warsaw,1,50,11.4,18.5565
PM10,Warsaw,1,50,9,18.3726
PM10,Warsaw,1,50,17.4,16.469
PM10,Warsaw,1,50,18.7,18.4159
PM10,Warsaw,1,50,26.7,16.6938
PM10,Warsaw,1,50,13.5,17.7777
PM10,Warsaw,1,50,25,25.5053
PM10,Warsaw,1,50,35,40.9279
PM10,Warsaw,1,50,48.4,49.3746
PM10,Warsaw,1,50,32.8,42.9248
PM10,Warsaw,1,50,33.3,47.2453
PM10,Warsaw,1,50,14.1,18.5402
PM10,Warsaw,1,50,10.6,13.9142
PM10,Warsaw,1,50,24.3,18.5682
PM10,Warsaw,1,50,13.2,17.5135
PM10,Warsaw,1,50,21.5,17.0253
PM10,Warsaw,1,50,14.2,16.1818
PM10,Warsaw,1,50,11.6,13.7563
PM10,Warsaw,1,50,15.4,18.1792
PM10,Warsaw,1,50,20.8,17.1661
PM10,Warsaw,1,50,19.2,17.7193
PM10,Warsaw,1,50,19.4,17.4014
PM10,Warsaw,1,50,18.8,17.0727
PM10,Warsaw,1,50,14.6,18.1383
PM10,Warsaw,1,50,23.4,19.6216
PM10,Warsaw,1,50,14,28.3134
PM10,Warsaw,1,50,26,28.0414
PM10,Warsaw,1,50,34.4,31.7564
PM10,Warsaw,1,50,34.5,28.9091
PM10,Warsaw,1,50,26.8,32.0345
PM10,Warsaw,1,50,55.4,52.0195
PM10,Warsaw,1,50,93.8,78.7636
PM10,Warsaw,1,50,77.7,38.0562
PM10,Warsaw,1,50,66,56.5238
PM10,Warsaw,1,50,47.7,62.1179
PM10,Warsaw,1,50,50.8,61.151
PM10,Warsaw,1,50,49.7,47.5211
PM10,Warsaw,1,50,31.3,29.6452
PM10,Warsaw,1,50,19.3,15.8989
PM10,Warsaw,1,50,38.7,28.9919
PM10,Warsaw,1,50,34.2,41.9901
PM10,Warsaw,1,50,35,42.9248
PM10,Warsaw,1,50,15.1,24.6761
PM10,Warsaw,1,50,22,16.5906
PM10,Warsaw,1,50,31.3,28.1869
PM10,Warsaw,1,50,30.4,25.2648
PM10,Warsaw,1,50,20.3,18.1993
PM10,Warsaw,1,50,13.8,15.8989
PM10,Warsaw,1,50,21.8,22.8643
PM10,Warsaw,1,50,18.4,17.9847
PM10,Warsaw,1,50,15,17.3443
PM10,Warsaw,1,50,17.5,17.2276
PM10,Warsaw,1,50,18.3,18.901
PM10,Warsaw,1,50,26.2,25.4616
PM10,Warsaw,1,50,41.3,34.9503
PM10,Warsaw,1,50,45.5,44.276
PM10,Warsaw,1,50,49.6,45.7576
PM10,Warsaw,1,50,44.3,43.3376
PM10,Warsaw,1,50,42.4,38.4205
PM10,Warsaw,1,50,24.9,29.4535
PM10,Warsaw,1,50,16.1,16.8596
PM10,Warsaw,1,50,18,17.3443
PM10,Warsaw,1,50,10.4,14.7602
PM10,Warsaw,1,50,9.1,15.8425
PM10,Warsaw,1,50,18.3,18.6349
PM10,Warsaw,1,50,19.3,17.1205
PM10,Warsaw,1,50,11.5,14.6522
PM10,Warsaw,1,50,26.5,17.0331
PM10,Warsaw,1,50,15.1,19.5929
PM10,Warsaw,1,50,25.3,17.9847
PM10,Warsaw,1,50,25.8,17.8513
PM10,Warsaw,1,50,20.4,18.1333
PM10,Warsaw,1,50,28.3,25.0176
PM10,Warsaw,1,50,19.9,19.1536
PM10,Warsaw,1,50,25.1,28.6884
PM10,Warsaw,1,50,33,38.336
PM10,Warsaw,1,50,47.1,45.1394
PM10,Warsaw,1,50,25.3,39.25
PM10,Warsaw,1,50,22.5,24.3664
PM10,Warsaw,1,50,9,10.5135
PM10,Warsaw,1,50,15.7,10.477
PM10,Warsaw,1,50,11.7,10.8262
PM10,Warsaw,1,50,9.2,10.5135
PM10,Warsaw,1,50,11.6,10.5135
PM10,Warsaw,1,50,11.5,10.8262
PM10,Warsaw,1,50,14.7,14.6522
PM10,Warsaw,1,50,24.3,16.2086
PM10,Warsaw,1,50,27.1,21.099
PM10,Warsaw,1,50,19.4,18.351
PM10,Warsaw,1,50,18.9,24.0756
PM10,Warsaw,1,50,21.1,24.71
PM10,Warsaw,1,50,27.9,27.2813
PM10,Warsaw,1,50,22.9,18.4159
PM10,Warsaw,1,50,17.7,18.148
PM10,Warsaw,1,50,25.5,17.2304
PM10,Warsaw,1,50,21.6,17.7955
PM10,Warsaw,1,50,16.7,18.1792
PM10,Warsaw,1,50,20.6,19.6371
PM10,Warsaw,1,50,26.7,26.6462
PM10,Warsaw,1,50,30.4,26.5433
PM10,Warsaw,1,50,33.7,25.3831
PM10,Warsaw,1,50,38.8,23.3237
PM10,Warsaw,1,50,27.9,23.9509
PM10,Warsaw,1,50,21,30.244
PM10,Warsaw,1,50,35.8,28.2715
PM10,Warsaw,1,50,13.1,25.3967
PM10,Warsaw,1,50,16.4,17.9552
PM10,Warsaw,1,50,20.2,24.4351
PM10,Warsaw,1,50,23.6,25.2648
PM10,Warsaw,1,50,30.8,18.4159
PM10,Warsaw,1,50,29.4,18.351
PM10,Warsaw,1,50,28.1,18.5402
PM10,Warsaw,1,50,19.8,17.9526
PM10,Warsaw,1,50,19.8,22.4616
PM10,Warsaw,1,50,28.6,25.6486
PM10,Warsaw,1,50,22,28.0842
PM10,Warsaw,1,50,25.8,28.8481
PM10,Warsaw,1,50,37.8,34.8339
PM10,Warsaw,1,50,27.6,31.6401
PM10,Warsaw,1,50,19.5,25.4889
PM10,Warsaw,1,50,18.5,21.099
PM10,Warsaw,1,50,25.8,24.5996
PM10,Warsaw,1,50,22.5,24.5996
PM10,Warsaw,1,50,22.4,18.4159
PM10,Warsaw,1,50,23.3,23.3237
PM10,Warsaw,1,50,25.4,23.3365
PM10,Warsaw,1,50,15.5,18.1213
PM10,Warsaw,1,50,19.7,17.6475
PM10,Warsaw,1,50,23.6,17.2276
PM10,Warsaw,1,50,19.6,17.9552
PM10,Warsaw,1,50,18.5,17.2276
PM10,Warsaw,1,50,20.8,24.71
PM10,Warsaw,1,50,24.8,27.1168
PM10,Warsaw,1,50,28.6,25.4616
PM10,Warsaw,1,50,17.9,17.8261
PM10,Warsaw,1,50,15.6,17.0176
PM10,Warsaw,1,50,19.9,19.5533
PM10,Warsaw,1,50,26.7,24.5996
PM10,Warsaw,1,50,19.5,17.7955
PM10,Warsaw,1,50,26.7,22.7939
PM10,Warsaw,1,50,23.3,16.2086
PM10,Warsaw,1,50,15,16.5738
PM10,Warsaw,1,50,17.6,16.122
PM10,Warsaw,1,50,21.9,17.8261
PM10,Warsaw,1,50,18.9,18.0158
PM10,Warsaw,1,50,26,21.099
PM10,Warsaw,1,50,29.4,25.6486
PM10,Warsaw,1,50,18.4,20.2256
PM10,Warsaw,1,50,17.6,16.5286
PM10,Warsaw,1,50,22.2,20.6289
PM10,Warsaw,1,50,26.4,17.9847
PM10,Warsaw,1,50,19.2,18.5744
PM10,Warsaw,1,50,26,28.2791
PM10,Warsaw,1,50,30,40.2076
PM10,Warsaw,1,50,45.5,43.4059
PM10,Warsaw,1,50,18.6,31.653
PM10,Warsaw,1,50,17.3,18.3012
PM10,Warsaw,1,50,21,16.9831
PM10,Warsaw,1,50,14.1,14.0395
PM10,Warsaw,1,50,17.5,18.6202
PM10,Warsaw,1,50,23.5,20.6171
PM10,Warsaw,1,50,15.9,18.0765
PM10,Warsaw,1,50,17.1,17.0617
PM10,Warsaw,1,50,27.7,22.543
PM10,Warsaw,1,50,27,26.0142
PM10,Warsaw,1,50,24.8,28.8481
PM10,Warsaw,1,50,27.7,29.4391
PM10,Warsaw,1,50,29.3,28.5695
PM10,Warsaw,1,50,14.6,17.2243
PM10,Warsaw,1,50,6.7,10.4938
PM10,Warsaw,1,50,17.7,14.7602
PM10,Warsaw,1,50,25.2,18.1258
PM10,Warsaw,1,50,29.4,17.848
PM10,Warsaw,1,50,25.6,17.9986
PM10,Warsaw,1,50,30.1,28.55
PM10,Warsaw,1,50,27.3,22.7828
PM10,Warsaw,1,50,18,17.8261
PM10,Warsaw,1,50,19.8,16.8598
PM10,Warsaw,1,50,27.2,26.473
PM10,Warsaw,1,50,34.2,29.5814
PM10,Warsaw,1,50,32.3,18.4159
PM10,Warsaw,1,50,16.3,18.6202
PM10,Warsaw,1,50,16.22,16.1184
PM10,Warsaw,1,50,16.14,18.6202
PM10,Warsaw,1,50,16.06,10.7872
PM10,Warsaw,1,50,15.98,10.2165
PM10,Warsaw,1,50,15.9,11.0445
PM10,Warsaw,1,50,15.82,12.678
PM10,Warsaw,1,50,15.74,11.0445
PM10,Warsaw,1,50,15.66,10.2845
PM10,Warsaw,1,50,15.58,16.9278
PM10,Warsaw,1,50,15.5,26.6462
PM10,Warsaw,1,50,25.4,35.2187
PM10,Warsaw,1,50,29.4,44.8687
PM10,Warsaw,1,50,46.8,44.2758
PM10,Warsaw,1,50,14.4,28.9111
PM10,Warsaw,1,50,11.5,10.4438
PM10,Warsaw,1,50,19.2,16.0518
PM10,Warsaw,1,50,16.8,16.9905
PM10,Warsaw,1,50,19.4,17.1091
PM10,Warsaw,1,50,13.2,17.1205
PM10,Warsaw,1,50,17.4,13.4724
PM10,Warsaw,1,50,16.3,17.1205
PM10,Warsaw,1,50,16.2,18.6202
PM10,Warsaw,1,50,13.4,15.1025
PM10,Warsaw,1,50,17.8,18.1754
PM10,Warsaw,1,50,13.6,17.1205
PM10,Warsaw,1,50,22,20.771
PM10,Warsaw,1,50,31.4,33.0128
PM10,Warsaw,1,50,46.6,43.0396
PM10,Warsaw,1,50,52.4,38.4578
PM10,Warsaw,1,50,29.2,34.3663
PM10,Warsaw,1,50,38.3,29.2304
PM10,Warsaw,1,50,36.2,26.7613
PM10,Warsaw,1,50,16.7,17.0617
PM10,Warsaw,1,50,15.1,17.0253
PM10,Warsaw,1,50,29.6,26.2205
PM10,Warsaw,1,50,41.2,38.5659
PM10,Warsaw,1,50,28.1,34.3382
PM10,Warsaw,1,50,36.7,33.1973
PM10,Warsaw,1,50,34.8,32.8178
PM10,Warsaw,1,50,31,32.0345
PM10,Warsaw,1,50,52.3,42.2466
PM10,Warsaw,1,50,47.2,45.3071
PM10,Warsaw,1,50,42.5,54.4655
PM10,Warsaw,1,50,44.8,50.7679
PM10,Warsaw,1,50,52.9,52.637
PM10,Warsaw,1,50,51,40.97
PM10,Warsaw,1,50,35.6,29.3268
PM10,Warsaw,1,50,32.4,26.0142
PM10,Warsaw,1,50,10.2,24.993
PM10,Warsaw,1,50,22.6,25.5299
PM10,Warsaw,1,50,27.1,38.8542
PM10,Warsaw,1,50,34.7,43.9388
PM10,Warsaw,1,50,48.2,53.305
PM10,Warsaw,1,50,78.5,62.7482
PM10,Warsaw,1,50,31.3,38.4058
PM10,Warsaw,1,50,25.1,23.9818
PM10,Warsaw,1,50,27.6,38.8471
PM10,Warsaw,1,50,37.7,62.7326
PM10,Warsaw,1,50,43.4,63.211
PM10,Warsaw,1,50,63.9,62.1179
PM10,Warsaw,1,50,39.5,41.7654
PM10,Warsaw,1,50,31.4,34.3663
PM10,Warsaw,1,50,40.2,33.0225
PM10,Warsaw,1,50,25.4,32.9683
PM10,Warsaw,1,50,34.1,28.782
PM10,Warsaw,1,50,22,30.6001
PM10,Warsaw,1,50,33.3,28.5695
PM10,Warsaw,1,50,35,28.6595
PM10,Warsaw,1,50,13.9,18.5744
PM10,Warsaw,1,50,21.6,26.473
PM10,Warsaw,1,50,51.8,37.8879
PM10,Warsaw,1,50,35.8,45.5929
PM10,Warsaw,1,50,34.3,44.8247
PM10,Warsaw,1,50,35,60.1132
PM10,Warsaw,1,50,62.8,76.0063
PM10,Warsaw,1,50,82.2,75.4508
PM10,Warsaw,1,50,40.2,40.1618
PM10,Warsaw,1,50,24.3,32.8178
PM10,Warsaw,1,50,13.9,27.2071
PM10,Warsaw,1,50,15,25.6398
PM10,Warsaw,1,50,32.1,30.446
PM10,Warsaw,1,50,16.7,19.0273
PM10,Warsaw,1,50,9.3,10.8262
PM10,Warsaw,1,50,16.1,15.9348
PM10,Warsaw,1,50,17.8,14.9517
PM10,Warsaw,1,50,10.7,10.779
PM10,Warsaw,1,50,23.8,18.0992
PM10,Warsaw,1,50,32.1,18.5565
PM10,Warsaw,1,50,21.9,18.7868
PM10,Warsaw,1,50,23.6,29.2446
PM10,Warsaw,1,50,26.1,23.4154
PM10,Warsaw,1,50,27.1,18.0158
PM10,Warsaw,1,50,21.4,14.7602
PM10,Warsaw,1,50,21.5,17.9526
PM10,Warsaw,1,50,22.2,25.4175
PM10,Warsaw,1,50,43,35.3603
PM10,Warsaw,1,50,39.4,32.4096
PM10,Warsaw,1,50,28.9,32.2847
PM10,Warsaw,1,50,37.9,48.0182
PM10,Warsaw,1,50,43.6,40.0626
PM10,Warsaw,1,50,28.3,30.9028
PM10,Warsaw,1,50,48.5,48.2881
PM10,Warsaw,1,50,52,41.76
PM10,Warsaw,1,50,35.2,38.5304
PM10,Warsaw,1,50,49.3,42.5698
PM10,Warsaw,1,50,29.6,34.3382
PM10,Warsaw,1,50,21.3,27.45
PM10,Warsaw,1,50,20.8,28.2715
PM10,Warsaw,1,50,37.3,32.3755
PM10,Warsaw,1,50,33.1,33.7173
PM10,Warsaw,1,50,24.7,19.5509
PM10,Warsaw,1,50,27.8,25.7507
PM10,Warsaw,1,50,21.1,17.2899
PM10,Warsaw,1,50,14.8,17.2276
PM10,Warsaw,1,50,16.8,16.9831
PM10,Warsaw,1,50,9.2,12.2334
PM10,Warsaw,1,50,31.6,17.7314
PM10,Warsaw,1,50,15.6,21.5439
PM10,Warsaw,1,50,14.8,16.8029
PM10,Warsaw,1,50,29.4,24.2396
PM10,Warsaw,1,50,37.6,48.2491
PM10,Warsaw,1,50,67.3,63.0457
PM10,Warsaw,1,50,120.9,112.062
PM10,Warsaw,1,50,120.5,115.555
